,topmost,bottommost,left,right,above,below,normTop,normLeft,normBottom,normRight,wordWidth,wordHeight,wordArea,standardisedText,isTitle_heightBased,isTitle_hOCRBased,isSum,isProduct,isMathElement
Horton_112_107,Horton_112_107,business!_1042_1779,,Ltd_202_107,,9035_111_138,0.0486,0.0659,0.0568,0.0877,81,18,1458,Cccccc,False,False,False,False,False
Ltd_202_107,Horton_112_107,business!_1042_1779,Horton_112_107,,,Matthew_185_139,0.0486,0.1188,0.0568,0.1086,37,18,666,Ccc,False,False,False,False,False
9035_111_138,Horton_112_107,business!_1042_1779,,Matthew_185_139,Horton_112_107,"Leemouth,_112_170",0.0627,0.0653,0.0714,0.0795,64,19,1216,dddd,False,False,False,False,False
Matthew_185_139,Horton_112_107,business!_1042_1779,9035_111_138,Loop_300_139,Ltd_202_107,KY_247_170,0.0632,0.1088,0.0714,0.1323,106,18,1908,Ccccccc,False,False,False,False,False
Loop_300_139,Horton_112_107,business!_1042_1779,Matthew_185_139,,,32032_287_169,0.0632,0.1765,0.0736,0.1618,56,23,1288,Cccc,False,False,False,False,False
Suite_366_138,Horton_112_107,business!_1042_1779,,283_435_138,,,0.0627,0.2153,0.0714,0.1941,61,19,1159,Ccccc,False,False,False,False,False
283_435_138,Horton_112_107,business!_1042_1779,Suite_366_138,,,,0.0627,0.2559,0.0714,0.2182,45,19,855,ddd,False,False,False,False,False
oto_1415_118,Horton_112_107,business!_1042_1779,,,,Zot_1371_153,0.0536,0.8324,0.0664,0.7155,159,28,4452,ccc,True,False,False,False,False
"Leemouth,_112_170",Horton_112_107,business!_1042_1779,,KY_247_170,9035_111_138,+31(0)26_112_229,0.0773,0.0659,0.0877,0.1077,125,23,2875,Ccccccccp,False,False,False,False,False
KY_247_170,Horton_112_107,business!_1042_1779,"Leemouth,_112_170",32032_287_169,Matthew_185_139,+1-508-634-1467x8848_112_200,0.0773,0.1453,0.0855,0.1268,32,18,576,CC,False,False,False,False,False
32032_287_169,Horton_112_107,business!_1042_1779,KY_247_170,,Loop_300_139,+1-508-634-1467x8848_112_200,0.0768,0.1688,0.0855,0.1655,77,19,1463,ddddd,False,False,False,False,False
Zot_1371_153,Horton_112_107,business!_1042_1779,,,oto_1415_118,,0.0695,0.8065,0.085,0.6868,140,34,4760,Ccc,True,False,False,False,False
oO_1535_158,Horton_112_107,business!_1042_1779,,,oto_1415_118,,0.0718,0.9029,0.0818,0.7155,39,22,858,cC,False,False,False,False,False
+1-508-634-1467x8848_112_200,Horton_112_107,business!_1042_1779,,,KY_247_170,8902580_232_231,0.0909,0.0659,0.0995,0.1905,307,19,5833,pdpdddpdddpddddcdddd,False,False,False,False,False
+31(0)26_112_229,Horton_112_107,business!_1042_1779,,,"Leemouth,_112_170",,0.1041,0.0659,0.1145,0.1014,111,23,2553,pddpdpdd,False,False,False,False,False
8902580_232_231,Horton_112_107,business!_1042_1779,,,+1-508-634-1467x8848_112_200,,0.105,0.1365,0.1136,0.1568,113,19,2147,ddddddd,False,False,False,False,False
RO_1355_123,Horton_112_107,business!_1042_1779,,,,06_1297_329,0.0559,0.7971,0.0845,0.6332,38,63,2394,CC,True,True,False,False,False
#819567_110_329,Horton_112_107,business!_1042_1779,,06_1297_329,+31(0)26_112_229,,0.1495,0.0647,0.1614,0.1177,149,26,3874,pdddddd,False,False,False,False,False
06_1297_329,Horton_112_107,business!_1042_1779,#819567_110_329,"MARCH,_1352_329",,,0.1495,0.7629,0.1614,0.6086,42,26,1092,dd,False,False,False,False,False
"MARCH,_1352_329",Horton_112_107,business!_1042_1779,06_1297_329,2004_1503_329,,,0.1495,0.7953,0.1641,0.6768,137,32,4384,CCCCCp,True,False,False,False,False
2004_1503_329,Horton_112_107,business!_1042_1779,"MARCH,_1352_329",,,,0.1495,0.8841,0.1614,0.7236,89,26,2314,dddd,False,False,False,False,False
BILL_112_439,Horton_112_107,business!_1042_1779,,TO_170_438,,Michael_112_482,0.1995,0.0659,0.2077,0.0732,49,18,882,CCCC,False,False,False,False,False
TO_170_438,Horton_112_107,business!_1042_1779,BILL_112_439,SHIP_516_438,,Michael_112_482,0.1991,0.1,0.2077,0.0923,33,19,627,CC,False,False,False,False,False
SHIP_516_438,Horton_112_107,business!_1042_1779,TO_170_438,TO_580_438,,Kyle_516_483,0.1991,0.3035,0.2077,0.26,56,19,1064,CCCC,False,False,False,False,False
TO_580_438,Horton_112_107,business!_1042_1779,SHIP_516_438,INSTRUCTIONS_896_438,,Rose_575_483,0.1991,0.3412,0.2077,0.2791,34,19,646,CC,False,False,False,False,False
INSTRUCTIONS_896_438,Horton_112_107,business!_1042_1779,TO_580_438,,,Payment_896_483,0.1991,0.5271,0.2077,0.4923,187,19,3553,CCCCCCCCCCCC,False,False,False,False,False
Michael_112_482,Horton_112_107,business!_1042_1779,,Mcdonald_212_483,BILL_112_439,958_111_513,0.2191,0.0659,0.2277,0.0923,91,19,1729,Ccccccc,False,False,False,False,False
Mcdonald_212_483,Horton_112_107,business!_1042_1779,Michael_112_482,Kyle_516_483,,Browning_168_513,0.2195,0.1247,0.2277,0.1495,117,18,2106,Cccccccc,False,False,False,False,False
Kyle_516_483,Horton_112_107,business!_1042_1779,Mcdonald_212_483,Rose_575_483,SHIP_516_438,267_516_513,0.2195,0.3035,0.23,0.2573,50,23,1150,Cccc,False,False,False,False,False
Rose_575_483,Horton_112_107,business!_1042_1779,Kyle_516_483,Payment_896_483,TO_580_438,Hoover_569_514,0.2195,0.3382,0.2277,0.2877,58,18,1044,Cccc,False,False,False,False,False
Payment_896_483,Horton_112_107,business!_1042_1779,Rose_575_483,,INSTRUCTIONS_896_438,,0.2195,0.5271,0.23,0.455,105,23,2415,Ccccccc,False,False,False,False,False
terms:_1009_484,Horton_112_107,business!_1042_1779,,Letter_1096_483,,,0.22,0.5935,0.2277,0.4945,79,17,1343,cccccp,False,False,False,False,False
Letter_1096_483,Horton_112_107,business!_1042_1779,terms:_1009_484,of_1177_482,,,0.2195,0.6447,0.2277,0.5314,73,18,1314,Cccccc,False,False,False,False,False
of_1177_482,Horton_112_107,business!_1042_1779,Letter_1096_483,credit_1208_482,,,0.2191,0.6924,0.2277,0.5455,23,19,437,cc,False,False,False,False,False
credit_1208_482,Horton_112_107,business!_1042_1779,of_1177_482,,,,0.2191,0.7106,0.2277,0.5814,71,19,1349,cccccc,False,False,False,False,False
958_111_513,Horton_112_107,business!_1042_1779,,Browning_168_513,Michael_112_482,West_111_545,0.2332,0.0653,0.2418,0.0723,48,19,912,ddd,False,False,False,False,False
Browning_168_513,Horton_112_107,business!_1042_1779,958_111_513,,Mcdonald_212_483,"Kimberlybury,_181_544",0.2332,0.0988,0.2441,0.1268,111,24,2664,Cccccccc,False,False,False,False,False
Island_289_514,Horton_112_107,business!_1042_1779,,Suite_368_513,Mcdonald_212_483,OH_360_544,0.2336,0.17,0.2418,0.1627,69,18,1242,Cccccc,False,False,False,False,False
Suite_368_513,Horton_112_107,business!_1042_1779,Island_289_514,779_436_513,,OH_360_544,0.2332,0.2165,0.2418,0.195,61,19,1159,Ccccc,False,False,False,False,False
779_436_513,Horton_112_107,business!_1042_1779,Suite_368_513,267_516_513,,35779_404_544,0.2332,0.2565,0.2418,0.2182,44,19,836,ddd,False,False,False,False,False
267_516_513,Horton_112_107,business!_1042_1779,779_436_513,Hoover_569_514,Kyle_516_483,South_516_544,0.2332,0.3035,0.2418,0.2545,44,19,836,ddd,False,False,False,False,False
Hoover_569_514,Horton_112_107,business!_1042_1779,267_516_513,View_662_513,Rose_575_483,"Marybury,_594_545",0.2336,0.3347,0.2418,0.2973,85,18,1530,Cccccc,False,False,False,False,False
View_662_513,Horton_112_107,business!_1042_1779,Hoover_569_514,,,"Marybury,_594_545",0.2332,0.3894,0.2418,0.3277,59,19,1121,Cccc,False,False,False,False,False
West_111_545,Horton_112_107,business!_1042_1779,,,958_111_513,,0.2477,0.0653,0.2559,0.0777,60,18,1080,Cccc,False,False,False,False,False
"Kimberlybury,_181_544",Horton_112_107,business!_1042_1779,,OH_360_544,Browning_168_513,,0.2473,0.1065,0.2582,0.1586,168,24,4032,Ccccccccccccp,False,False,False,False,False
OH_360_544,Horton_112_107,business!_1042_1779,"Kimberlybury,_181_544",35779_404_544,Suite_368_513,,0.2473,0.2118,0.2559,0.1791,34,19,646,CC,False,False,False,False,False
35779_404_544,Horton_112_107,business!_1042_1779,OH_360_544,South_516_544,779_436_513,,0.2473,0.2376,0.2559,0.2182,76,19,1444,ddddd,False,False,False,False,False
South_516_544,Horton_112_107,business!_1042_1779,35779_404_544,,267_516_513,,0.2473,0.3035,0.2559,0.2659,69,19,1311,Ccccc,False,False,False,False,False
"Marybury,_594_545",Horton_112_107,business!_1042_1779,,,View_662_513,,0.2477,0.3494,0.2582,0.3255,122,23,2806,Ccccccccp,False,False,False,False,False
NC_727_544,Horton_112_107,business!_1042_1779,,28465_771_544,View_662_513,,0.2473,0.4276,0.2559,0.3464,35,19,665,CC,False,False,False,False,False
28465_771_544,Horton_112_107,business!_1042_1779,NC_727_544,,,,0.2473,0.4535,0.2559,0.3855,77,19,1463,ddddd,False,False,False,False,False
QUANTITY_111_630,Horton_112_107,business!_1042_1779,,DESCRIPTION_418_630,West_111_545,5_111_691,0.2864,0.0653,0.3014,0.1095,130,33,4290,CCCCCCCC,True,False,False,False,False
DESCRIPTION_418_630,Horton_112_107,business!_1042_1779,QUANTITY_111_630,,South_516_544,Metal_476_691,0.2864,0.2459,0.3014,0.265,165,33,5445,CCCCCCCCCCC,True,False,False,False,False
UNIT_1147_635,Horton_112_107,business!_1042_1779,,PRICE_1213_635,,,0.2886,0.6747,0.2968,0.5473,57,18,1026,CCCC,False,False,False,False,False
PRICE_1213_635,Horton_112_107,business!_1042_1779,UNIT_1147_635,,,1.25_1236_690,0.2886,0.7135,0.2968,0.5836,71,18,1278,CCCCC,False,False,False,False,False
5_111_691,Horton_112_107,business!_1042_1779,,Zinc_417_690,,5_111_747,0.3141,0.0653,0.3223,0.0564,13,18,234,d,False,False,False,False,False
Zinc_417_690,Horton_112_107,business!_1042_1779,5_111_691,Metal_476_691,,72_417_746,0.3136,0.2453,0.3223,0.2123,50,19,950,Cccc,False,False,False,False,False
Metal_476_691,Horton_112_107,business!_1042_1779,Zinc_417_690,Heart_551_691,DESCRIPTION_418_630,Sweetheart_452_746,0.3141,0.28,0.3223,0.2464,66,18,1188,Ccccc,False,False,False,False,False
Heart_551_691,Horton_112_107,business!_1042_1779,Metal_476_691,Decoration_626_690,,,0.3141,0.3241,0.3223,0.2805,66,18,1188,Ccccc,False,False,False,False,False
Decoration_626_690,Horton_112_107,business!_1042_1779,Heart_551_691,1.25_1236_690,,Cake_667_746,0.3136,0.3682,0.3223,0.3441,131,19,2489,Cccccccccc,False,False,False,False,False
1.25_1236_690,Horton_112_107,business!_1042_1779,Decoration_626_690,6.25_1540_690,PRICE_1213_635,1.28_1236_746,0.3136,0.7271,0.3223,0.5832,47,19,893,dpdd,False,False,False,False,False
6.25_1540_690,Horton_112_107,business!_1042_1779,1.25_1236_690,,,6.40_1538_746,0.3136,0.9059,0.3223,0.7232,51,19,969,dpdd,False,False,False,False,False
5_111_747,Horton_112_107,business!_1042_1779,,72_417_746,5_111_691,8_110_803,0.3395,0.0653,0.3477,0.0564,13,18,234,d,False,False,False,False,False
72_417_746,Horton_112_107,business!_1042_1779,5_111_747,Sweetheart_452_746,Zinc_417_690,Recipe_417_803,0.3391,0.2453,0.3477,0.2023,28,19,532,dd,False,False,False,False,False
Sweetheart_452_746,Horton_112_107,business!_1042_1779,72_417_746,Fairy_601_746,Metal_476_691,Box_507_804,0.3391,0.2659,0.3477,0.2691,140,19,2660,Cccccccccc,False,False,False,False,False
Fairy_601_746,Horton_112_107,business!_1042_1779,Sweetheart_452_746,Cake_667_746,Heart_551_691,Blue_559_804,0.3391,0.3535,0.35,0.2995,58,24,1392,Ccccc,False,False,False,False,False
Cake_667_746,Horton_112_107,business!_1042_1779,Fairy_601_746,Cases_736_746,Decoration_626_690,Sketchbook_617_803,0.3391,0.3924,0.3477,0.3309,61,19,1159,Cccc,False,False,False,False,False
Cases_736_746,Horton_112_107,business!_1042_1779,Cake_667_746,1.28_1236_746,,Design_770_803,0.3391,0.4329,0.3477,0.3682,74,19,1406,Ccccc,False,False,False,False,False
1.28_1236_746,Horton_112_107,business!_1042_1779,Cases_736_746,6.40_1538_746,1.25_1236_690,2.95_1232_803,0.3391,0.7271,0.3477,0.5832,47,19,893,dpdd,False,False,False,False,False
6.40_1538_746,Horton_112_107,business!_1042_1779,1.28_1236_746,,6.25_1540_690,23.60_1524_803,0.3391,0.9047,0.3477,0.7236,54,19,1026,dpdd,False,False,False,False,False
8_110_803,Horton_112_107,business!_1042_1779,,Recipe_417_803,5_111_747,1_110_860,0.365,0.0647,0.3736,0.0564,14,19,266,d,False,False,False,False,False
Recipe_417_803,Horton_112_107,business!_1042_1779,8_110_803,,72_417_746,Biscuit_417_859,0.365,0.2453,0.3759,0.2268,82,24,1968,Cccccc,False,False,False,False,False
Box_507_804,Horton_112_107,business!_1042_1779,,Blue_559_804,Sweetheart_452_746,Tin_506_859,0.3655,0.2982,0.3736,0.25,43,18,774,Ccc,False,False,False,False,False
Blue_559_804,Horton_112_107,business!_1042_1779,Box_507_804,Sketchbook_617_803,Fairy_601_746,50'S_551_859,0.3655,0.3288,0.3736,0.2768,50,18,900,Cccc,False,False,False,False,False
Sketchbook_617_803,Horton_112_107,business!_1042_1779,Blue_559_804,Design_770_803,Cake_667_746,Christmas_613_859,0.365,0.3629,0.3736,0.3459,144,19,2736,Cccccccccc,False,False,False,False,False
Design_770_803,Horton_112_107,business!_1042_1779,Sketchbook_617_803,2.95_1232_803,Cases_736_746,,0.365,0.4529,0.3759,0.3877,83,24,1992,Cccccc,False,False,False,False,False
2.95_1232_803,Horton_112_107,business!_1042_1779,Design_770_803,23.60_1524_803,1.28_1236_746,2.89_1232_859,0.365,0.7247,0.3736,0.5832,51,19,969,dpdd,False,False,False,False,False
23.60_1524_803,Horton_112_107,business!_1042_1779,2.95_1232_803,,6.40_1538_746,2.89_1540_859,0.365,0.8965,0.3736,0.7236,68,19,1292,ddpdd,False,False,False,False,False
1_110_860,Horton_112_107,business!_1042_1779,,Biscuit_417_859,8_110_803,1_110_916,0.3909,0.0647,0.3991,0.0536,8,18,144,d,False,False,False,False,False
Biscuit_417_859,Horton_112_107,business!_1042_1779,1_110_860,Tin_506_859,Recipe_417_803,Tuscan_417_916,0.3905,0.2453,0.3991,0.2264,81,19,1539,Ccccccc,False,False,False,False,False
Tin_506_859,Horton_112_107,business!_1042_1779,Biscuit_417_859,50'S_551_859,Box_507_804,Villa_511_915,0.3905,0.2976,0.3991,0.2464,36,19,684,Ccc,False,False,False,False,False
50'S_551_859,Horton_112_107,business!_1042_1779,Tin_506_859,Christmas_613_859,Blue_559_804,Villa_511_915,0.3905,0.3241,0.3991,0.2745,53,19,1007,ddpC,False,False,False,False,False
Christmas_613_859,Horton_112_107,business!_1042_1779,50'S_551_859,2.89_1232_859,Sketchbook_617_803,Station_673_915,0.3905,0.3606,0.3991,0.335,124,19,2356,Ccccccccc,False,False,False,False,False
2.89_1232_859,Horton_112_107,business!_1042_1779,Christmas_613_859,2.89_1540_859,2.95_1232_803,8.25_1232_915,0.3905,0.7247,0.3991,0.5832,51,19,969,dpdd,False,False,False,False,False
2.89_1540_859,Horton_112_107,business!_1042_1779,2.89_1232_859,,23.60_1524_803,8.25_1540_915,0.3905,0.9059,0.3991,0.7236,52,19,988,dpdd,False,False,False,False,False
1_110_916,Horton_112_107,business!_1042_1779,,Tuscan_417_916,1_110_860,9_110_972,0.4164,0.0647,0.4245,0.0536,8,18,144,d,False,False,False,False,False
Tuscan_417_916,Horton_112_107,business!_1042_1779,1_110_916,Villa_511_915,Biscuit_417_859,Brocante_417_973,0.4164,0.2453,0.4245,0.2286,86,18,1548,Cccccc,False,False,False,False,False
Villa_511_915,Horton_112_107,business!_1042_1779,Tuscan_417_916,Feeding_570_915,Tin_506_859,Shelf_534_972,0.4159,0.3006,0.4245,0.2545,49,19,931,Ccccc,False,False,False,False,False
Feeding_570_915,Horton_112_107,business!_1042_1779,Villa_511_915,Station_673_915,50'S_551_859,With_602_972,0.4159,0.3353,0.4268,0.3018,94,24,2256,Ccccccc,False,False,False,False,False
Station_673_915,Horton_112_107,business!_1042_1779,Feeding_570_915,8.25_1232_915,Christmas_613_859,Hooks_666_973,0.4159,0.3959,0.4245,0.345,86,19,1634,Ccccccc,False,False,False,False,False
8.25_1232_915,Horton_112_107,business!_1042_1779,Station_673_915,8.25_1540_915,2.89_1232_859,10.75_1219_972,0.4159,0.7247,0.4245,0.5832,51,19,969,dpdd,False,False,False,False,False
8.25_1540_915,Horton_112_107,business!_1042_1779,8.25_1232_915,,2.89_1540_859,96.75_1523_972,0.4159,0.9059,0.4245,0.7232,51,19,969,dpdd,False,False,False,False,False
9_110_972,Horton_112_107,business!_1042_1779,,Brocante_417_973,1_110_916,5_111_1029,0.4418,0.0647,0.4505,0.0564,14,19,266,d,False,False,False,False,False
Brocante_417_973,Horton_112_107,business!_1042_1779,9_110_972,Shelf_534_972,Tuscan_417_916,Paper_417_1029,0.4423,0.2453,0.4505,0.2391,109,18,1962,Cccccccc,False,False,False,False,False
Shelf_534_972,Horton_112_107,business!_1042_1779,Brocante_417_973,With_602_972,Villa_511_915,Kit_572_1028,0.4418,0.3141,0.4505,0.27,60,19,1140,Ccccc,False,False,False,False,False
With_602_972,Horton_112_107,business!_1042_1779,Shelf_534_972,Hooks_666_973,Feeding_570_915,Empire_611_1028,0.4418,0.3541,0.4505,0.2986,55,19,1045,Cccc,False,False,False,False,False
Hooks_666_973,Horton_112_107,business!_1042_1779,With_602_972,10.75_1219_972,Station_673_915,,0.4423,0.3918,0.4505,0.3359,73,18,1314,Ccccc,False,False,False,False,False
10.75_1219_972,Horton_112_107,business!_1042_1779,Hooks_666_973,96.75_1523_972,8.25_1232_915,2.95_1232_1028,0.4418,0.7171,0.4505,0.5832,64,19,1216,ddpdd,False,False,False,False,False
96.75_1523_972,Horton_112_107,business!_1042_1779,10.75_1219_972,,8.25_1540_915,14.75_1528_1029,0.4418,0.8959,0.4505,0.7232,68,19,1292,ddpdd,False,False,False,False,False
5_111_1029,Horton_112_107,business!_1042_1779,,Paper_417_1029,9_110_972,9_110_1084,0.4677,0.0653,0.4759,0.0564,13,18,234,d,False,False,False,False,False
Paper_417_1029,Horton_112_107,business!_1042_1779,5_111_1029,,Brocante_417_973,Jumbo_416_1085,0.4677,0.2453,0.4782,0.2218,71,23,1633,Ccccc,False,False,False,False,False
Chain_496_1028,Horton_112_107,business!_1042_1779,,Kit_572_1028,Shelf_534_972,Bag_507_1085,0.4673,0.2918,0.4759,0.2559,67,19,1273,Ccccc,False,False,False,False,False
Kit_572_1028,Horton_112_107,business!_1042_1779,Chain_496_1028,Empire_611_1028,Shelf_534_972,Pink_561_1084,0.4673,0.3365,0.4759,0.2736,30,19,570,Ccc,False,False,False,False,False
Empire_611_1028,Horton_112_107,business!_1042_1779,Kit_572_1028,2.95_1232_1028,With_602_972,Vintage_619_1084,0.4673,0.3594,0.4782,0.3159,84,24,2016,Cccccc,False,False,False,False,False
2.95_1232_1028,Horton_112_107,business!_1042_1779,Empire_611_1028,14.75_1528_1029,10.75_1219_972,2.08_1232_1084,0.4673,0.7247,0.4759,0.5832,51,19,969,dpdd,False,False,False,False,False
14.75_1528_1029,Horton_112_107,business!_1042_1779,2.95_1232_1028,,96.75_1523_972,18.72_1530_1084,0.4677,0.8988,0.4759,0.7232,63,18,1134,ddpdd,False,False,False,False,False
9_110_1084,Horton_112_107,business!_1042_1779,,Jumbo_416_1085,5_111_1029,5_111_1142,0.4927,0.0647,0.5014,0.0564,14,19,266,d,False,False,False,False,False
Jumbo_416_1085,Horton_112_107,business!_1042_1779,9_110_1084,Bag_507_1085,Paper_417_1029,Hand_417_1142,0.4932,0.2447,0.5014,0.2268,83,18,1494,Ccccc,False,False,False,False,False
Bag_507_1085,Horton_112_107,business!_1042_1779,Jumbo_416_1085,,Chain_496_1028,Warmer_487_1142,0.4932,0.2982,0.5036,0.2505,44,23,1012,Ccc,False,False,False,False,False
Pink_561_1084,Horton_112_107,business!_1042_1779,,Vintage_619_1084,Kit_572_1028,Red_591_1142,0.4927,0.33,0.5014,0.2777,50,19,950,Cccc,False,False,False,False,False
Vintage_619_1084,Horton_112_107,business!_1042_1779,Pink_561_1084,Paisley_722_1084,Empire_611_1028,Love_645_1142,0.4927,0.3641,0.5036,0.3241,94,24,2256,Ccccccc,False,False,False,False,False
Paisley_722_1084,Horton_112_107,business!_1042_1779,Vintage_619_1084,2.08_1232_1084,,Heart_709_1142,0.4927,0.4247,0.5036,0.3668,85,24,2040,Ccccccc,False,False,False,False,False
2.08_1232_1084,Horton_112_107,business!_1042_1779,Paisley_722_1084,18.72_1530_1084,2.95_1232_1028,2:10_1238_1141,0.4927,0.7247,0.5014,0.5832,51,19,969,dpdd,False,False,False,False,False
18.72_1530_1084,Horton_112_107,business!_1042_1779,2.08_1232_1084,,14.75_1528_1029,10.50_1526_1141,0.4927,0.9,0.5014,0.7241,63,19,1197,ddpdd,False,False,False,False,False
5_111_1142,Horton_112_107,business!_1042_1779,,Hand_417_1142,9_110_1084,3_111_1197,0.5191,0.0653,0.5273,0.0564,13,18,234,d,False,False,False,False,False
Hand_417_1142,Horton_112_107,business!_1042_1779,5_111_1142,Warmer_487_1142,Jumbo_416_1085,French_417_1198,0.5191,0.2453,0.5273,0.2173,61,18,1098,Cccc,False,False,False,False,False
Warmer_487_1142,Horton_112_107,business!_1042_1779,Hand_417_1142,Red_591_1142,Bag_507_1085,Blue_507_1198,0.5191,0.2865,0.5273,0.2645,95,18,1710,Cccccc,False,False,False,False,False
Red_591_1142,Horton_112_107,business!_1042_1779,Warmer_487_1142,Love_645_1142,Pink_561_1084,Metal_566_1198,0.5191,0.3476,0.5273,0.2882,43,18,774,Ccc,False,False,False,False,False
Love_645_1142,Horton_112_107,business!_1042_1779,Red_591_1142,Heart_709_1142,Vintage_619_1084,Door_641_1198,0.5191,0.3794,0.5273,0.3186,56,18,1008,Cccc,False,False,False,False,False
Heart_709_1142,Horton_112_107,business!_1042_1779,Love_645_1142,2:10_1238_1141,Paisley_722_1084,Sign_705_1197,0.5191,0.4171,0.5273,0.3523,66,18,1188,Ccccc,False,False,False,False,False
2:10_1238_1141,Horton_112_107,business!_1042_1779,Heart_709_1142,10.50_1526_1141,2.08_1232_1084,1.25_1236_1197,0.5186,0.7282,0.5273,0.5836,46,19,874,dpdd,False,False,False,False,False
10.50_1526_1141,Horton_112_107,business!_1042_1779,2:10_1238_1141,,18.72_1530_1084,3.75_1540_1197,0.5186,0.8976,0.5273,0.7236,66,19,1254,ddpdd,False,False,False,False,False
3_111_1197,Horton_112_107,business!_1042_1779,,French_417_1198,5_111_1142,1_110_1254,0.5441,0.0653,0.5527,0.0564,13,19,247,d,False,False,False,False,False
French_417_1198,Horton_112_107,business!_1042_1779,3_111_1197,Blue_507_1198,Hand_417_1142,Of_465_1253,0.5445,0.2453,0.5527,0.2268,82,18,1476,Cccccc,False,False,False,False,False
Blue_507_1198,Horton_112_107,business!_1042_1779,French_417_1198,Metal_566_1198,Warmer_487_1142,Cake_523_1253,0.5445,0.2982,0.5527,0.2532,50,18,900,Cccc,False,False,False,False,False
Metal_566_1198,Horton_112_107,business!_1042_1779,Blue_507_1198,Door_641_1198,Red_591_1142,Tins_592_1253,0.5445,0.3329,0.5527,0.2873,66,18,1188,Ccccc,False,False,False,False,False
Door_641_1198,Horton_112_107,business!_1042_1779,Metal_566_1198,,Love_645_1142,Pantry_651_1254,0.5445,0.3771,0.5527,0.3168,56,18,1008,Cccc,False,False,False,False,False
Sign_705_1197,Horton_112_107,business!_1042_1779,,2_765_1197,Heart_709_1142,Pantry_651_1254,0.5441,0.4147,0.555,0.3441,52,24,1248,Cccc,False,False,False,False,False
2_765_1197,Horton_112_107,business!_1042_1779,Sign_705_1197,1.25_1236_1197,Heart_709_1142,Design_739_1253,0.5441,0.45,0.5527,0.3536,13,19,247,d,False,False,False,False,False
1.25_1236_1197,Horton_112_107,business!_1042_1779,2_765_1197,3.75_1540_1197,2:10_1238_1141,4.95_1229_1253,0.5441,0.7271,0.5527,0.5832,47,19,893,dpdd,False,False,False,False,False
3.75_1540_1197,Horton_112_107,business!_1042_1779,1.25_1236_1197,,10.50_1526_1141,4.95_1538_1253,0.5441,0.9059,0.5527,0.7232,51,19,969,dpdd,False,False,False,False,False
1_110_1254,Horton_112_107,business!_1042_1779,,Set_417_1253,3_111_1197,8_110_1309,0.57,0.0647,0.5782,0.0536,8,18,144,d,False,False,False,False,False
Set_417_1253,Horton_112_107,business!_1042_1779,1_110_1254,Of_465_1253,French_417_1198,Frying_417_1309,0.5695,0.2453,0.5782,0.2073,39,19,741,Ccc,False,False,False,False,False
Of_465_1253,Horton_112_107,business!_1042_1779,Set_417_1253,3_501_1253,French_417_1198,Frying_417_1309,0.5695,0.2735,0.5782,0.2236,27,19,513,Cc,False,False,False,False,False
3_501_1253,Horton_112_107,business!_1042_1779,Of_465_1253,Cake_523_1253,Blue_507_1198,Pan_501_1310,0.5695,0.2947,0.5782,0.2336,13,19,247,d,False,False,False,False,False
Cake_523_1253,Horton_112_107,business!_1042_1779,3_501_1253,Tins_592_1253,Blue_507_1198,Pan_501_1310,0.5695,0.3076,0.5782,0.2655,61,19,1159,Cccc,False,False,False,False,False
Tins_592_1253,Horton_112_107,business!_1042_1779,Cake_523_1253,,Metal_566_1198,Union_553_1309,0.5695,0.3482,0.5782,0.2914,49,19,931,Cccc,False,False,False,False,False
Pantry_651_1254,Horton_112_107,business!_1042_1779,,Design_739_1253,Door_641_1198,Flag_628_1310,0.57,0.3829,0.5805,0.3318,79,23,1817,Cccccc,False,False,False,False,False
Design_739_1253,Horton_112_107,business!_1042_1779,Pantry_651_1254,4.95_1229_1253,2_765_1197,,0.5695,0.4347,0.5805,0.3736,83,24,1992,Cccccc,False,False,False,False,False
4.95_1229_1253,Horton_112_107,business!_1042_1779,Design_739_1253,4.95_1538_1253,1.25_1236_1197,4.25_1232_1309,0.5695,0.7229,0.5782,0.5832,54,19,1026,dpdd,False,False,False,False,False
4.95_1538_1253,Horton_112_107,business!_1042_1779,4.95_1229_1253,,3.75_1540_1197,34.00_1522_1309,0.5695,0.9047,0.5782,0.7232,53,19,1007,dpdd,False,False,False,False,False
8_110_1309,Horton_112_107,business!_1042_1779,,Frying_417_1309,1_110_1254,3_111_1366,0.595,0.0647,0.6036,0.0564,14,19,266,d,False,False,False,False,False
Frying_417_1309,Horton_112_107,business!_1042_1779,8_110_1309,,Set_417_1253,Cardholder_417_1366,0.595,0.2453,0.6059,0.2227,73,24,1752,Cccccc,False,False,False,False,False
Pan_501_1310,Horton_112_107,business!_1042_1779,,Union_553_1309,3_501_1253,Cardholder_417_1366,0.5955,0.2947,0.6036,0.2473,43,18,774,Ccc,False,False,False,False,False
Union_553_1309,Horton_112_107,business!_1042_1779,Pan_501_1310,,Tins_592_1253,Gingham_561_1366,0.595,0.3253,0.6036,0.2814,66,19,1254,Ccccc,False,False,False,False,False
Flag_628_1310,Horton_112_107,business!_1042_1779,,,Pantry_651_1254,Gingham_561_1366,0.5955,0.3694,0.6059,0.3073,48,23,1104,Cccc,False,False,False,False,False
4.25_1232_1309,Horton_112_107,business!_1042_1779,,34.00_1522_1309,4.95_1229_1253,2.89_1232_1366,0.595,0.7247,0.6036,0.5832,51,19,969,dpdd,False,False,False,False,False
34.00_1522_1309,Horton_112_107,business!_1042_1779,4.25_1232_1309,,4.95_1538_1253,8.67_1540_1366,0.595,0.8953,0.6036,0.7236,70,19,1330,ddpdd,False,False,False,False,False
3_111_1366,Horton_112_107,business!_1042_1779,,Cardholder_417_1366,8_110_1309,,0.6209,0.0653,0.6295,0.0564,13,19,247,d,False,False,False,False,False
Cardholder_417_1366,Horton_112_107,business!_1042_1779,3_111_1366,Gingham_561_1366,Frying_417_1309,,0.6209,0.2453,0.6295,0.2514,136,19,2584,Cccccccccc,False,False,False,False,False
Gingham_561_1366,Horton_112_107,business!_1042_1779,Cardholder_417_1366,Star_676_1366,Union_553_1309,,0.6209,0.33,0.6318,0.3027,105,24,2520,Ccccccc,False,False,False,False,False
Star_676_1366,Horton_112_107,business!_1042_1779,Gingham_561_1366,2.89_1232_1366,Flag_628_1310,,0.6209,0.3976,0.6295,0.33,50,19,950,Cccc,False,False,False,False,False
2.89_1232_1366,Horton_112_107,business!_1042_1779,Star_676_1366,8.67_1540_1366,4.25_1232_1309,,0.6209,0.7247,0.6295,0.5832,51,19,969,dpdd,False,False,False,False,False
8.67_1540_1366,Horton_112_107,business!_1042_1779,2.89_1232_1366,,34.00_1522_1309,,0.6209,0.9059,0.6295,0.7236,52,19,988,dpdd,False,False,False,False,False
SUBTOTAL_110_1478,Horton_112_107,business!_1042_1779,,239.48_1507_1478,,SALES_110_1537,0.6718,0.0647,0.6805,0.1105,133,19,2527,CCCCCCCC,False,False,False,False,False
239.48_1507_1478,Horton_112_107,business!_1042_1779,SUBTOTAL_110_1478,,,41.43_1526_1537,0.6718,0.8865,0.6805,0.7232,84,19,1596,dddpdd,False,False,False,False,True
SALES_110_1537,Horton_112_107,business!_1042_1779,,TAX_198_1538,SUBTOTAL_110_1478,SHIPPING_110_1593,0.6986,0.0647,0.7073,0.0859,79,19,1501,CCCCC,False,False,False,False,False
TAX_198_1538,Horton_112_107,business!_1042_1779,SALES_110_1537,41.43_1526_1537,,,0.6991,0.1165,0.7073,0.1123,49,18,882,CCC,False,False,False,False,False
41.43_1526_1537,Horton_112_107,business!_1042_1779,TAX_198_1538,,239.48_1507_1478,5.32_1541_1593,0.6986,0.8976,0.7073,0.7232,65,19,1235,ddpdd,False,False,False,False,True
SHIPPING_110_1593,Horton_112_107,business!_1042_1779,,HANDLING_259_1593,SALES_110_1537,TOTAL_110_1649,0.7241,0.0647,0.7327,0.1032,117,19,2223,CCCCCCCC,False,False,False,False,False
HANDLING_259_1593,Horton_112_107,business!_1042_1779,SHIPPING_110_1593,5.32_1541_1593,,DATE_299_1650,0.7241,0.1524,0.7327,0.1773,131,19,2489,CCCCCCCC,False,False,False,False,False
5.32_1541_1593,Horton_112_107,business!_1042_1779,HANDLING_259_1593,,41.43_1526_1537,286.23_1509_1649,0.7241,0.9065,0.7327,0.7241,52,19,988,dpdd,False,False,False,False,True
TOTAL_110_1649,Horton_112_107,business!_1042_1779,,DUE_201_1650,SHIPPING_110_1593,,0.7495,0.0647,0.7582,0.0868,81,19,1539,CCCCC,False,False,False,False,False
DUE_201_1650,Horton_112_107,business!_1042_1779,TOTAL_110_1649,BY_259_1650,,,0.75,0.1182,0.7582,0.1136,49,18,882,CCC,False,False,False,False,False
BY_259_1650,Horton_112_107,business!_1042_1779,DUE_201_1650,DATE_299_1650,,,0.75,0.1524,0.7582,0.1323,32,18,576,CC,False,False,False,False,False
DATE_299_1650,Horton_112_107,business!_1042_1779,BY_259_1650,286.23_1509_1649,HANDLING_259_1593,,0.75,0.1759,0.7582,0.165,64,18,1152,CCCC,False,False,False,False,False
286.23_1509_1649,Horton_112_107,business!_1042_1779,DATE_299_1650,,5.32_1541_1593,,0.7495,0.8876,0.7582,0.7232,82,19,1558,dddpdd,False,False,True,False,False
Thank_808_1780,Horton_112_107,business!_1042_1779,,,,,0.8091,0.4753,0.8173,0.4005,73,18,1314,Ccccc,False,False,False,False,False
you_889_1784,Horton_112_107,business!_1042_1779,,,,,0.8109,0.5229,0.8195,0.4232,42,19,798,ccc,False,False,False,False,False
for_939_1779,Horton_112_107,business!_1042_1779,,,,,0.8086,0.5524,0.8173,0.4423,34,19,646,ccc,False,False,False,False,False
your_981_1784,Horton_112_107,business!_1042_1779,,,,,0.8109,0.5771,0.8195,0.4695,52,19,988,cccc,False,False,False,False,False
business!_1042_1779,Horton_112_107,business!_1042_1779,,,,,0.8086,0.6129,0.8173,0.5259,115,19,2185,ccccccccp,False,False,False,False,False
